Mutation,Chain,Wild Type,Mutant,Prediction,Results Page
V27M,A,VAL,MET,-0.323,http://biosig.lab.uq.edu.au/dynamut2/results_prediction/173785683705
A28V,A,ALA,VAL,-0.404,http://biosig.lab.uq.edu.au/dynamut2/results_prediction/173785683886
S31F,A,SER,PHE,-0.747,http://biosig.lab.uq.edu.au/dynamut2/results_prediction/173785684074
Y38C,A,TYR,CYS,-1.34,http://biosig.lab.uq.edu.au/dynamut2/results_prediction/173785684265
D39G,A,ASP,GLY,-0.671,http://biosig.lab.uq.edu.au/dynamut2/results_prediction/173785684467
D39E,A,ASP,GLU,-0.623,http://biosig.lab.uq.edu.au/dynamut2/results_prediction/173785684654
H43Y,A,HIS,TYR,0.408,http://biosig.lab.uq.edu.au/dynamut2/results_prediction/173785684836
G45E,A,GLY,GLU,-0.449,http://biosig.lab.uq.edu.au/dynamut2/results_prediction/173785685015
R47C,A,ARG,CYS,-0.514,http://biosig.lab.uq.edu.au/dynamut2/results_prediction/173785685213
R47H,A,ARG,HIS,-1.107,http://biosig.lab.uq.edu.au/dynamut2/results_prediction/173785685402
W50C,A,TRP,CYS,-1.328,http://biosig.lab.uq.edu.au/dynamut2/results_prediction/173785685584
R52C,A,ARG,CYS,-0.761,http://biosig.lab.uq.edu.au/dynamut2/results_prediction/173785685768
G58A,A,GLY,ALA,-0.287,http://biosig.lab.uq.edu.au/dynamut2/results_prediction/173785685966
R62C,A,ARG,CYS,0.088,http://biosig.lab.uq.edu.au/dynamut2/results_prediction/173785686148
R62H,A,ARG,HIS,-1.482,http://biosig.lab.uq.edu.au/dynamut2/results_prediction/173785686346
T66M,A,THR,MET,0.071,http://biosig.lab.uq.edu.au/dynamut2/results_prediction/173785686526
N68K,A,ASN,LYS,-0.175,http://biosig.lab.uq.edu.au/dynamut2/results_prediction/173785686726
L72V,A,LEU,VAL,-0.306,http://biosig.lab.uq.edu.au/dynamut2/results_prediction/173785686921
D86V,A,ASP,VAL,0.129,http://biosig.lab.uq.edu.au/dynamut2/results_prediction/173785687104
T96K,A,THR,LYS,-0.476,http://biosig.lab.uq.edu.au/dynamut2/results_prediction/173785687281
R98W,A,ARG,TRP,-1.098,http://biosig.lab.uq.edu.au/dynamut2/results_prediction/173785687471
A105T,A,ALA,THR,-0.837,http://biosig.lab.uq.edu.au/dynamut2/results_prediction/173785687663
A105V,A,ALA,VAL,-0.752,http://biosig.lab.uq.edu.au/dynamut2/results_prediction/173785687847
S116C,A,SER,CYS,-0.519,http://biosig.lab.uq.edu.au/dynamut2/results_prediction/173785688027
V126G,A,VAL,GLY,-2.889,http://biosig.lab.uq.edu.au/dynamut2/results_prediction/173785688218
A130S,A,ALA,SER,0.156,http://biosig.lab.uq.edu.au/dynamut2/results_prediction/173785688398
A130V,A,ALA,VAL,-0.446,http://biosig.lab.uq.edu.au/dynamut2/results_prediction/173785688582
K186N,A,LYS,ASN,-0.266,http://biosig.lab.uq.edu.au/dynamut2/results_prediction/173785688764
A192T,A,ALA,THR,0.053,http://biosig.lab.uq.edu.au/dynamut2/results_prediction/173785688966
A196T,A,ALA,THR,0.07,http://biosig.lab.uq.edu.au/dynamut2/results_prediction/173785689143
